id,prediction_up,prediction_down
Slc35b1_Pdia6,0.333,0.333
Rprd2_9930111J21Rik2,0.333,0.333
Rpf2_Cyb5a,0.333,0.333
Map3k8_Cdk14,0.333,0.333
Ppie_Cat,0.333,0.333
Wdr82_Sla,0.333,0.333
Mettl14_Rhob,0.333,0.333
Atp2a2_Pdzk1ip1,0.333,0.333
Dnttip1_Fabp5,0.333,0.333
Ints5_Zfp36l2,0.333,0.333
Rprd2_Nptx1,0.333,0.333
Slc35b1_Hdac9,0.333,0.333
Cebpb_Brd8dc,0.333,0.333
Vps37a_Dapk1,0.333,0.333
Vps37a_Pgd,0.333,0.333
Nfkb1_Plk2,0.333,0.333
Stat1_Pcm1,0.333,0.333
Stat2_Mx1,0.333,0.333
Ddx10_Rngtt,0.333,0.333
Actb_Slc7a11,0.333,0.333
Vps52_Cystm1,0.333,0.333
Znhit2_Snhg8,0.333,0.333
Actb_Map3k14,0.333,0.333
Ccdc174_Gatm,0.333,0.333
Pbrm1_Gstm1,0.333,0.333
Pbrm1_Speg,0.333,0.333
Slc35b1_Fabp3,0.333,0.333
Elp5_Srgn,0.333,0.333
Stat2_Herc6,0.333,0.333
Orc3_Rilpl2,0.333,0.333
Nudc_C1qc,0.333,0.333
Ints5_Ass1,0.333,0.333
Wasf2_Wfdc17,0.333,0.333
Stat2_Tnfrsf12a,0.333,0.333
Mettl14_Cytip,0.333,0.333
Tsr2_Trps1,0.333,0.333
Stat2_Irf7,0.333,0.333
Wdr82_Gm31522,0.333,0.333
Ccdc174_Asb13,0.333,0.333
Preb_AW011738,0.333,0.333
Rbm27_Ms4a7,0.333,0.333
Zc3h18_Asah2,0.333,0.333
Alg1_Rnh1,0.333,0.333
Slc35b1_Gab1,0.333,0.333
Rprd2_Fabp3,0.333,0.333
Ticam1_Fcgr1,0.333,0.333
Vps37a_Pycard,0.333,0.333
Pnisr_Zfp36l2,0.333,0.333
Mettl14_Ifit1,0.333,0.333
Alg1_Pou2f2,0.333,0.333
Zc3h13_Slc7a11,0.333,0.333
Maea_Oas1b,0.333,0.333
Ddx10_Cnn2,0.333,0.333
Ticam1_Prkg1,0.333,0.333
Tsr2_Mif,0.333,0.333
Trappc4_Pcgf3,0.333,0.333
Vps52_Ccl12,0.333,0.333
Plcg2_Ptgs2,0.333,0.333
Fip1l1_Mis18a,0.333,0.333
Zc3h4_6330562C20Rik,0.333,0.333
Aars_Pirb,0.333,0.333
Rab1a_Gstm1,0.333,0.333
Lsm4_Cst3,0.333,0.333
Zc3h13_Csf1,0.333,0.333
Brap_Rab23,0.333,0.333
Zc3h13_Cbr3,0.333,0.333
Zc3h4_F830045P16Rik,0.333,0.333
Arpc4_Fcgr1,0.333,0.333
Mepce_Lipg,0.333,0.333
Polr2g_Ass1,0.333,0.333
Pbrm1_Lgmn,0.333,0.333
Brap_Hmga1,0.333,0.333
Ctr9_Sertad2,0.333,0.333
Vps52_Larp4,0.333,0.333
Ist1_Lncpint,0.333,0.333
Vps37a_Fcgr1,0.333,0.333
Map3k8_Dab2,0.333,0.333
Myh9_Wfdc17,0.333,0.333
Ctr9_Rac2,0.333,0.333
Mcm6_Tor1aip2,0.333,0.333
Pnisr_Ctsd,0.333,0.333
Maea_Dnaja1,0.333,0.333
Plcg2_Ifi27l2a,0.333,0.333
Snapc5_Pxdc1,0.333,0.333
Sod1_S100a4,0.333,0.333
Zc3h4_Zfp36,0.333,0.333
Ddx10_Parp8,0.333,0.333
Ccdc174_Garnl3,0.333,0.333
Ticam1_Slc7a2,0.333,0.333
Ube2n_Aff1,0.333,0.333
Myh9_Pdia6,0.333,0.333
Ube2n_Spp1,0.333,0.333
Stat1_Lsp1,0.333,0.333
Ints5_Rilpl2,0.333,0.333
Orc3_Il27,0.333,0.333
Bptf_Vps13b,0.333,0.333
Nfkb1_Pld3,0.333,0.333
Atp2a2_Tspoap1,0.333,0.333
Lin52_Lgmn,0.333,0.333
Snapc5_Vim,0.333,0.333
Gemin5_Ube2e2,0.333,0.333
Vps54_Pdlim5,0.333,0.333
Nfkb1_Coro1a,0.333,0.333
Ticam1_Tnfsf12,0.333,0.333
Maea_Sdc4,0.333,0.333
Ap3d1_Lgmn,0.333,0.333
Setd1b_Nup210l,0.333,0.333
Bptf_Acaa2,0.333,0.333
Elp5_1700001C19Rik,0.333,0.333
Lemd3_Ifi27l2a,0.333,0.333
Bub3_Irak3,0.333,0.333
Cog7_Ms4a6c,0.333,0.333
Maea_C3ar1,0.333,0.333
Zc3h4_Tsc22d3,0.333,0.333
Ube2n_Abcc5,0.333,0.333
Vps37a_Trmt61b,0.333,0.333
Rhbdf2_H4c8,0.333,0.333
Pak2_C3ar1,0.333,0.333
Isca1_Kpna3,0.333,0.333
Brap_Cd74,0.333,0.333
Pbrm1_Gm41409,0.333,0.333
Ppie_Nrp2,0.333,0.333
Wdr82_Atad1,0.333,0.333
Pbrm1_Mvb12b,0.333,0.333
Uhrf1_Mpeg1,0.333,0.333
Cebpb_Cystm1,0.333,0.333
Maea_Rpp21,0.333,0.333
Fam50a_Rac2,0.333,0.333
Maea_Tmsb10,0.333,0.333
Uhrf1_Ptges,0.333,0.333
Lemd3_Elf1,0.333,0.333
Lin52_Serpinb9,0.333,0.333
Mettl14_Samsn1,0.333,0.333
Elp5_Gars,0.333,0.333
Ddx10_Pcmtd1,0.333,0.333
Zc3h18_Cd274,0.333,0.333
Pak2_Abcb1b,0.333,0.333
Lemd3_Wdr43,0.333,0.333
Zbtb14_Lpar1,0.333,0.333
Zfp407_Parp14,0.333,0.333
Ticam1_Tut4,0.333,0.333
Uhrf1_Cst3,0.333,0.333
Tnfrsf1b_Arhgap25,0.333,0.333
Preb_Dcaf1,0.333,0.333
Alg1_Prkg1,0.333,0.333
Fcf1_Itpr1,0.333,0.333
Fip1l1_Cdkn1a,0.333,0.333
Ppwd1_Gmppb,0.333,0.333
Rab1a_Dtx3l,0.333,0.333
Actr8_Pycard,0.333,0.333
Syk_Polr1b,0.333,0.333
Ctr9_Hyou1,0.333,0.333
Sod1_2900060B14Rik,0.333,0.333
Lin52_Ifi27l2a,0.333,0.333
Zc3h4_Ass1,0.333,0.333
Wasf2_Fabp3,0.333,0.333
Syk_Cst3,0.333,0.333
Vps16_F11r,0.333,0.333
Dnttip1_Nmnat3,0.333,0.333
Arpc4_Srxn1,0.333,0.333
Wdr74_Rgs14,0.333,0.333
Ube2n_Dennd1b,0.333,0.333
Syk_Gpx1,0.333,0.333
Arpc4_Lpl,0.333,0.333
Aars_Mm2pr,0.333,0.333
Vps52_Lipg,0.333,0.333
Wdr74_ENSMUSG00000121501,0.333,0.333
Gemin5_Ptger2,0.333,0.333
Vps16_Fabp5,0.333,0.333
Atp6ap1_Ddx21,0.333,0.333
Sugt1_Hgf,0.333,0.333
Tsc1_Metrnl,0.333,0.333
Ddx10_Ier3,0.333,0.333
Syk_Basp1,0.333,0.333
Orc3_Slc7a11,0.333,0.333
Zc3h13_Fcgr1,0.333,0.333
Nfkb1_Fabp3,0.333,0.333
Stat2_Vim,0.333,0.333
Arpc4_Lsp1,0.333,0.333
Ist1_Actg1,0.333,0.333
Gemin5_Prelid2,0.333,0.333
Yae1d1_Slfn5,0.333,0.333
Alg1_Hpse,0.333,0.333
Syk_4930430E12Rik,0.333,0.333
Sbds_Usp18,0.333,0.333
Isca1_Sdad1,0.333,0.333
Zc3h18_Ehhadh,0.333,0.333
Lsm4_Rnh1,0.333,0.333
Rbm27_Gm57321,0.333,0.333
Bptf_Ms4a6c,0.333,0.333
Actr3_Tubb2a,0.333,0.333
Rab1a_Ifi27l2a,0.333,0.333
Slc35b1_Slc37a2,0.333,0.333
Zbtb14_Gm56663,0.333,0.333
Ints5_Ifi27l2a,0.333,0.333
Fam50a_Ms4a6c,0.333,0.333
Pbrm1_ENSMUSG00000121501,0.333,0.333
Map3k8_Ms4a6c,0.333,0.333
Cops5_Cd274,0.333,0.333
Preb_Clic5,0.333,0.333
Lin52_Dlgap5,0.333,0.333
Ppie_Slc37a2,0.333,0.333
Pbrm1_Cbr3,0.333,0.333
Fam50a_Gas5,0.333,0.333
Ctr9_Slc7a8,0.333,0.333
Pbrm1_Fcgr1,0.333,0.333
Lemd3_C130036L24Rik,0.333,0.333
Wdr74_Ifi27l2a,0.333,0.333
Mgat1_Prpf38b,0.333,0.333
Bub3_Itgav,0.333,0.333
Ints5_Cask,0.333,0.333
Ppie_Cdkn1c,0.333,0.333
Nat10_Rnf170,0.333,0.333
Gemin5_B930036N10Rik,0.333,0.333
Fip1l1_Carmil1,0.333,0.333
Polr2g_Mtfr2,0.333,0.333
Zfp407_Cdkn1a,0.333,0.333
Zfp407_Camk2n2,0.333,0.333
Rab1a_Srxn1,0.333,0.333
Cog7_Rac2,0.333,0.333
Tsr2_Sdf2l1,0.333,0.333
Arpc4_Zbtb20,0.333,0.333
Uhrf1_Slc7a11,0.333,0.333
Stat1_Nup210l,0.333,0.333
Myh9_Slc20a1,0.333,0.333
Gemin5_Ephx1,0.333,0.333
Wdr73_Tnfsf12,0.333,0.333
Naa30_Dot1l,0.333,0.333
Slc35b1_AW011738,0.333,0.333
Cops5_Gapt,0.333,0.333
Tsc1_Fabp5,0.333,0.333
Ddx10_Gm41409,0.333,0.333
Aars_S100a4,0.333,0.333
Znhit2_Traf3ip3,0.333,0.333
Ist1_Pitpnc1,0.333,0.333
Cebpb_H2-Aa,0.333,0.333
Actr8_Napsa,0.333,0.333
Isca1_Mif,0.333,0.333
Rpf2_Shtn1,0.333,0.333
Zc3h18_Zyx,0.333,0.333
Vps54_Prrc1,0.333,0.333
Sod1_Nrp2,0.333,0.333
Sod1_Ptprs,0.333,0.333
Tsr2_Tubb2a,0.333,0.333
Bptf_Gda,0.333,0.333
Csnk2b_Ifit1bl1,0.333,0.333
Slc35b1_Ptger2,0.333,0.333
Tsc1_Pid1,0.333,0.333
Ppwd1_Plscr1,0.333,0.333
Rhbdf2_Zfp87,0.333,0.333
Tnfrsf1b_Itgb8,0.333,0.333
Fip1l1_Nup210l,0.333,0.333
Nfkb1_Arg2,0.333,0.333
Rprd2_Kdelr2,0.333,0.333
Pak2_Gm2087,0.333,0.333
Trappc4_Ifi27l2a,0.333,0.333
Vps37a_Palld,0.333,0.333
Mgat1_Fabp5,0.333,0.333
Cog7_1600014C10Rik,0.333,0.333
Rprd2_Ppfia3,0.333,0.333
Preb_Usp18,0.333,0.333
Gemin5_Gas5,0.333,0.333
Zc3h4_Fblim1,0.333,0.333
Rprd2_Samd8,0.333,0.333
Ctr9_Myh9,0.333,0.333
Irf2bp2_Irf2bpl,0.333,0.333
Preb_Polr2h,0.333,0.333
Vps37a_Itgav,0.333,0.333
Vps52_Ddx18,0.333,0.333
Stat1_Txnrd1,0.333,0.333
Fam50a_Ptprs,0.333,0.333
Lin52_Lsp1,0.333,0.333
Mgat1_Pdia4,0.333,0.333
Mettl14_Pid1,0.333,0.333
Xpr1_Cdc25c,0.333,0.333
Mcm6_Mrpl45,0.333,0.333
Fcf1_Atf3,0.333,0.333
Cog7_Apoe,0.333,0.333
Dnajc9_Irak3,0.333,0.333
Nat10_Acsl1,0.333,0.333
Ppwd1_1500011B03Rik,0.333,0.333
Mgat1_Cat,0.333,0.333
Fam50a_G530011O06Rik,0.333,0.333
Preb_Ccnd2,0.333,0.333
Yae1d1_Oas1b,0.333,0.333
Csnk2b_Pcmtd1,0.333,0.333
Dnttip1_Dab2,0.333,0.333
Wdr74_Gm57204,0.333,0.333
Znhit2_S100a4,0.333,0.333
Syk_Raph1,0.333,0.333
Setd1b_Mpeg1,0.333,0.333
Ppwd1_Slc37a2,0.333,0.333
Vps37a_Gmfg,0.333,0.333
Lemd3_Ptprn,0.333,0.333
Pnisr_Ier3,0.333,0.333
Stat2_Cited2,0.333,0.333
Fip1l1_Slc28a2,0.333,0.333
Stat2_Acsl1,0.333,0.333
Actr3_Acsl1,0.333,0.333
Arpc4_Gpx1,0.333,0.333
Fam50a_Clasrp,0.333,0.333
Zfp407_Dtx3l,0.333,0.333
Fcf1_Nupr1,0.333,0.333
Irf2bp2_Lyz2,0.333,0.333
Bptf_Airn,0.333,0.333
Wasf2_Dab2,0.333,0.333
Sbds_Peli1,0.333,0.333
Slc35b1_Nfkbid,0.333,0.333
Aars_Coro1a,0.333,0.333
Pak2_Cd52,0.333,0.333
Fam50a_Tnf,0.333,0.333
Bub3_Dpep2,0.333,0.333
Nat10_Txnip,0.333,0.333
Zbtb7a_Atxn10,0.333,0.333
Myh9_Ppfia3,0.333,0.333
Actr8_Ass1,0.333,0.333
Pnisr_Tcp11,0.333,0.333
Zbtb14_Ube2e2,0.333,0.333
Uhrf1_Gpx1,0.333,0.333
Ints5_Cnn2,0.333,0.333
Gemin5_Lpar1,0.333,0.333
Mepce_Mgst3,0.333,0.333
Polr2g_Slc49a4,0.333,0.333
Atp6ap1_C1qa,0.333,0.333
Gemin5_Hnrnpa1,0.333,0.333
Wdr82_Cd40,0.333,0.333
Cops5_Ephx1,0.333,0.333
Tsr2_Eno1,0.333,0.333
Yae1d1_Mier1,0.333,0.333
Fip1l1_Itgav,0.333,0.333
Wdr73_Rabggtb,0.333,0.333
Lemd3_Havcr2,0.333,0.333
Plcg2_Txnrd1,0.333,0.333
Vps16_Pid1,0.333,0.333
Plcg2_Nphp3,0.333,0.333
Zeb2_Vim,0.333,0.333
Wdr82_A430093F15Rik,0.333,0.333
Isca1_C1qc,0.333,0.333
Mgat1_Hdac9,0.333,0.333
Snapc5_Snhg20,0.333,0.333
Zc3h13_Pycard,0.333,0.333
Ppwd1_C1qc,0.333,0.333
Eif4g2_Ccdc88a,0.333,0.333
Plcg2_Zfp36,0.333,0.333
Nudc_Trabd,0.333,0.333
Fam50a_Eea1,0.333,0.333
Isca1_Atxn10,0.333,0.333
Pnisr_Slc7a11,0.333,0.333
Wasf2_Hamp,0.333,0.333
Wdr74_Bub1,0.333,0.333
Ints5_Rnf31,0.333,0.333
Myh9_Sla,0.333,0.333
Vps16_Uqcc4,0.333,0.333
Xpr1_Bcl2a1b,0.333,0.333
Zc3h4_Rhoq,0.333,0.333
Uhrf1_Mmp13,0.333,0.333
Mgat1_Atf4,0.333,0.333
Atp2a2_Atp2b1,0.333,0.333
Trappc4_Eprs,0.333,0.333
Map3k8_C1qc,0.333,0.333
Gemin5_Zfp87,0.333,0.333
Syk_Mgst3,0.333,0.333
Eif4g2_Mdm2,0.333,0.333
Arpc4_Ap3m2,0.333,0.333
Stat2_Ifi209,0.333,0.333
Trappc4_Rhod,0.333,0.333
Dnttip1_Zfp981,0.333,0.333
Zbtb14_Cbfb,0.333,0.333
Vps16_Fam20c,0.333,0.333
Zfp407_Serpinc1,0.333,0.333
Rprd2_Gm28935,0.333,0.333
Ist1_Inpp1,0.333,0.333
Nfkb1_Gars,0.333,0.333
Ddx10_Gm57204,0.333,0.333
Atp2a2_Dpep2,0.333,0.333
Csnk2b_Fryl,0.333,0.333
Cops5_Atf4,0.333,0.333
Rhbdf2_Limd2,0.333,0.333
Alg1_Gm13008,0.333,0.333
Lsm4_Cdkn1a,0.333,0.333
Snapc5_Cd33,0.333,0.333
Rpf2_Mafb,0.333,0.333
Zbtb14_Fut8,0.333,0.333
Wdr73_Slc7a11,0.333,0.333
Mepce_Fgf13,0.333,0.333
Lemd3_Carmil1,0.333,0.333
Setd1b_Fcgr1,0.333,0.333
Actr3_Pdia6,0.333,0.333
Xpr1_C3ar1,0.333,0.333
Preb_Pdxdc1,0.333,0.333
Ddx10_Gstm1,0.333,0.333
Preb_Tgfbi,0.333,0.333
Setd1b_Mxi1,0.333,0.333
Rpf2_Bmper,0.333,0.333
Ap3d1_H2ac25,0.333,0.333
Maea_4930434J08Rik,0.333,0.333
Mepce_Ifi27l2a,0.333,0.333
Yae1d1_Lypd6b,0.333,0.333
Ist1_Mir99ahg,0.333,0.333
Lin52_Fcgr1,0.333,0.333
Rbm27_5830408C22Rik,0.333,0.333
Lamtor1_Gm26788,0.333,0.333
Lemd3_Arhgap24,0.333,0.333
Zeb2_Mitf,0.333,0.333
Vps52_Pgam1,0.333,0.333
Rhbdf2_C1qa,0.333,0.333
Ddx10_Fcgr1,0.333,0.333
Ticam1_Cd74,0.333,0.333
Myh9_Ppp1r15a,0.333,0.333
Pnisr_Mxi1,0.333,0.333
Vps54_S100a13,0.333,0.333
Vps37a_Tacc3,0.333,0.333
Pak2_Gstm1,0.333,0.333
Ube2n_Emb,0.333,0.333
Ddx10_Wdr43,0.333,0.333
Lin52_Mtfr2,0.333,0.333
Fip1l1_Gm41409,0.333,0.333
Zbtb7a_Sox5os4,0.333,0.333
Maea_Fcgr1,0.333,0.333
Lin52_Mis18a,0.333,0.333
Orc3_Dpy19l1,0.333,0.333
Pbrm1_Camkk2,0.333,0.333
Lamtor1_Vim,0.333,0.333
Znhit2_Elovl2,0.333,0.333
Lamtor1_Fabp5,0.333,0.333
Ppwd1_Nptx1,0.333,0.333
Setd1b_Cdkn1a,0.333,0.333
Isca1_Plk2,0.333,0.333
Zbtb7a_Ifit1,0.333,0.333
Pbrm1_Pag1,0.333,0.333
Mcm6_Stard7,0.333,0.333
Zeb2_Lyz2,0.333,0.333
Ap3d1_Ifi27l2a,0.333,0.333
Preb_Glcci1,0.333,0.333
Xpr1_Itgb8,0.333,0.333
Yae1d1_Gstm1,0.333,0.333
Bptf_Ccdc107,0.333,0.333
Dnttip1_Layn,0.333,0.333
Ist1_Slpi,0.333,0.333
Irf2bp2_Ephx1,0.333,0.333
Ppie_Vim,0.333,0.333
Rab1a_Zc3h12a,0.333,0.333
Atp2a2_Gmfg,0.333,0.333
Polr2g_Itgav,0.333,0.333
Wdr74_Atp6v0a1,0.333,0.333
Rprd2_Pdia6,0.333,0.333
Eif4g2_Ms4a7,0.333,0.333
Irf2bp2_Pdxdc1,0.333,0.333
Zc3h18_Ptpre,0.333,0.333
Map3k8_Cct3,0.333,0.333
Vps37a_Ass1,0.333,0.333
Map3k8_Cd274,0.333,0.333
Rhbdf2_Dusp1,0.333,0.333
Csnk2b_Gm38335,0.333,0.333
Pnisr_Gmfg,0.333,0.333
Ppie_Rac2,0.333,0.333
Taf11_Slc7a11,0.333,0.333
Uhrf1_Arid1a,0.333,0.333
Uhrf1_Rnf31,0.333,0.333
Ccdc174_AI504432,0.333,0.333
Preb_Glp2r,0.333,0.333
Pbrm1_Zfp36l2,0.333,0.333
Wdr74_Nfkbiz,0.333,0.333
Aars_Ifit1,0.333,0.333
Ube2n_Sdf2l1,0.333,0.333
Setd1b_4930430E12Rik,0.333,0.333
Polr2j_Ass1,0.333,0.333
Zc3h13_Sec23a,0.333,0.333
Mgat1_Sirpb1c,0.333,0.333
Eif4g2_Mif,0.333,0.333
Syk_Midn,0.333,0.333
Zeb2_Cdk14,0.333,0.333
Pnisr_Malat1,0.333,0.333
Actr8_Cenpx,0.333,0.333
Lemd3_Hgsnat,0.333,0.333
Pnisr_Mpeg1,0.333,0.333
Nudc_C1qa,0.333,0.333
Vps52_Ifi27l2a,0.333,0.333
Nudc_Asah2,0.333,0.333
Lamtor1_Maml3,0.333,0.333
Cops5_Coro1a,0.333,0.333
Ddx10_Irak3,0.333,0.333
Mgat1_Pirb,0.333,0.333
Actr3_Samd8,0.333,0.333
Ppwd1_Plk2,0.333,0.333
Irf2bp2_C1qa,0.333,0.333
Aars_Actg1,0.333,0.333
Tsc1_Ifit1,0.333,0.333
Plcg2_Pdzk1ip1,0.333,0.333
Orc3_Larp4,0.333,0.333
Dnttip1_Tnfsf13b,0.333,0.333
Lamtor1_Gm20633,0.333,0.333
Wasf2_C1qc,0.333,0.333
Brap_Itgav,0.333,0.333
Cops5_Tlcd3a,0.333,0.333
Actb_Irak3,0.333,0.333
Snapc5_Ifit1,0.333,0.333
Vps16_H2bc4,0.333,0.333
Rbm27_Wfdc17,0.333,0.333
Zc3h13_Mycbp2,0.333,0.333
Alg1_Tnip3,0.333,0.333
Actr8_Eprs,0.333,0.333
Arpc4_Gmfg,0.333,0.333
Wdr82_H3c14,0.333,0.333
Ctr9_Selenom,0.333,0.333
Ints5_Slc7a11,0.333,0.333
Znhit2_Sgk1,0.333,0.333
Vps54_Camkk2,0.333,0.333
Ccdc174_Vps13b,0.333,0.333
Csnk2b_D930015M05Rik,0.333,0.333
Wdr82_Gm47922,0.333,0.333
Preb_Rhov,0.333,0.333
Fam50a_Ptpre,0.333,0.333
Mepce_Abtb2,0.333,0.333
Wdr73_Mgst3,0.333,0.333
Wasf2_Ms4a6c,0.333,0.333
Zbtb7a_Ctnna1,0.333,0.333
Zc3h13_Ikbip,0.333,0.333
Cog7_Kdelr2,0.333,0.333
Lamtor1_Cdkn1c,0.333,0.333
Brap_Mlh1,0.333,0.333
Xpr1_Adgrl2,0.333,0.333
Zeb2_Samd8,0.333,0.333
Fip1l1_Plxnd1,0.333,0.333
Tsc1_Hexb,0.333,0.333
Maea_Zbtb20,0.333,0.333
Ist1_Gclc,0.333,0.333
Vps37a_Asf1a,0.333,0.333
Rhbdf2_Usp18,0.333,0.333
Rhbdf2_Actg1,0.333,0.333
Bub3_Isg20,0.333,0.333
Tsc1_Wfdc17,0.333,0.333
Vps16_Phf21a,0.333,0.333
Vps54_Tnfsf12,0.333,0.333
Zbtb7a_F11r,0.333,0.333
Aars_Irf2bpl,0.333,0.333
Alg1_Eprs,0.333,0.333
Elp5_Sla,0.333,0.333
Nfkb1_Naip2,0.333,0.333
Nat10_Tubb2a,0.333,0.333
Myh9_H2bc4,0.333,0.333
Elp5_Taf15,0.333,0.333
Zbtb14_Ctdsp2,0.333,0.333
Polr2j_Gm28379,0.333,0.333
Rbm27_Gm56817,0.333,0.333
Tnfrsf1b_Rab7b,0.333,0.333
Ppwd1_Clic5,0.333,0.333
Tsr2_Fem1b,0.333,0.333
Tnfrsf1b_Ccl12,0.333,0.333
Ddx10_Tnfsf12,0.333,0.333
Pak2_Pdgfb,0.333,0.333
Pnisr_Ifi203,0.333,0.333
Setd1b_Mettl5,0.333,0.333
Zc3h13_Nck1,0.333,0.333
Ctr9_Snhg20,0.333,0.333
Pak2_Palld,0.333,0.333
Zbtb7a_Cyb5a,0.333,0.333
Yae1d1_Mgst3,0.333,0.333
Cog7_Sertad2,0.333,0.333
Trappc4_Dlgap5,0.333,0.333
Lamtor1_Gadd45a,0.333,0.333
Actr3_Fabp5,0.333,0.333
Maea_Psap,0.333,0.333
Lsm4_Rnf180,0.333,0.333
Arpc4_Tanc2,0.333,0.333
Fam50a_C1qc,0.333,0.333
Trappc4_Fcgr1,0.333,0.333
Wasf2_Hmga2,0.333,0.333
Aars_C230037L18Rik,0.333,0.333
Lamtor1_Gm12319,0.333,0.333
Mcm6_Nptx1,0.333,0.333
Sugt1_Fblim1,0.333,0.333
Tsr2_Rab31,0.333,0.333
Fam50a_Hexb,0.333,0.333
Preb_Nrp2,0.333,0.333
Rpf2_Mir99ahg,0.333,0.333
Yae1d1_H2ac25,0.333,0.333
Sbds_Tor1aip2,0.333,0.333
Elp5_P2ry2,0.333,0.333
Ube2n_Stat3,0.333,0.333
Mepce_Sntb1,0.333,0.333
Wdr82_Gm14051,0.333,0.333
Atp2a2_Eva1b,0.333,0.333
Dnajc9_Mycbp2,0.333,0.333
Naa30_Ctsd,0.333,0.333
Pak2_Tnfsf12,0.333,0.333
Eif4g2_Dab2,0.333,0.333
Zc3h18_Mndal,0.333,0.333
Vps37a_Ndrg1,0.333,0.333
Vps54_Ptgs2,0.333,0.333
Aars_Lcn2,0.333,0.333
Brap_Abcb4,0.333,0.333
Pbrm1_Gm49249,0.333,0.333
Polr2g_Knl1,0.333,0.333
Zbtb7a_Tnfrsf12a,0.333,0.333
Zbtb7a_Insyn2a,0.333,0.333
Atp2a2_Lgmn,0.333,0.333
Vps16_Pld3,0.333,0.333
Ints5_Ahnak2,0.333,0.333
Zc3h18_Aff1,0.333,0.333
Orc3_Abcb1b,0.333,0.333
Actr8_Ifi27l2a,0.333,0.333
Tsc1_Airn,0.333,0.333
Actb_Gm2a,0.333,0.333
Ist1_F11r,0.333,0.333
Polr2j_Dapk1,0.333,0.333
Nfkb1_Sigmar1,0.333,0.333
Dnajc9_Pgd,0.333,0.333
Rab1a_Cbr3,0.333,0.333
Ppwd1_Gclc,0.333,0.333
Zeb2_Pdia6,0.333,0.333
Bub3_Gmfg,0.333,0.333
Polr2j_Malat1,0.333,0.333
Yae1d1_Ucp2,0.333,0.333
Tnfrsf1b_Hjurp,0.333,0.333
Cog7_Hmga2,0.333,0.333
Ube2n_Rptor,0.333,0.333
Rprd2_Zyx,0.333,0.333
Ints5_Il27,0.333,0.333
Polr2j_Ctsd,0.333,0.333
Alg1_Leprotl1,0.333,0.333
Pak2_Dot1l,0.333,0.333
Fcf1_Tra2a,0.333,0.333
Fip1l1_Asf1a,0.333,0.333
Sugt1_Rnf31,0.333,0.333
Lamtor1_Gars,0.333,0.333
Eif4g2_Mafb,0.333,0.333
Ppie_Antxr2,0.333,0.333
Aars_Mapkbp1,0.333,0.333
Ints5_Tra2a,0.333,0.333
Wdr73_Cdkn1a,0.333,0.333
Rpf2_Zfp326,0.333,0.333
Stat2_H3c14,0.333,0.333
Lsm4_Mamdc2,0.333,0.333
Tnfrsf1b_Cnn2,0.333,0.333
Ints5_Gng11,0.333,0.333
Elp5_Gm13270,0.333,0.333
Zeb2_4933427D06Rik,0.333,0.333
Ints5_Malat1,0.333,0.333
Fam50a_Acsl1,0.333,0.333
Uhrf1_Prr15,0.333,0.333
Zc3h13_Parp8,0.333,0.333
Cebpb_Dgcr6,0.333,0.333
Plcg2_Gpx1,0.333,0.333
Nat10_H2bc4,0.333,0.333
Nat10_Mtss1,0.333,0.333
Pnisr_Clec12a,0.333,0.333
Vps54_Gstm1,0.333,0.333
Ccdc174_Rhob,0.333,0.333
Fcf1_Pou2f2,0.333,0.333
Pnisr_Fcgr1,0.333,0.333
Setd1b_Il27,0.333,0.333
Csnk2b_Pcgf5,0.333,0.333
Alg1_Gm49249,0.333,0.333
Ap3d1_Vegfd,0.333,0.333
Wdr73_Abhd5,0.333,0.333
Polr2j_Oaz2,0.333,0.333
Naa30_Itgav,0.333,0.333
Atp6ap1_Sigmar1,0.333,0.333
Rprd2_Clic5,0.333,0.333
Atp2a2_H2-Aa,0.333,0.333
Rbm27_Eea1,0.333,0.333
Syk_Lpl,0.333,0.333
Arpc4_6330562C20Rik,0.333,0.333
Orc3_Ptgs2,0.333,0.333
Zeb2_Cyb5a,0.333,0.333
Actr3_Myh9,0.333,0.333
Zc3h13_Adgre1,0.333,0.333
Preb_Stag1,0.333,0.333
Lin52_Ube2t,0.333,0.333
Ap3d1_Irak3,0.333,0.333
Eif4g2_Vim,0.333,0.333
Ist1_Fpr1,0.333,0.333
Maea_Dapk1,0.333,0.333
Atp6ap1_Plk2,0.333,0.333
Zc3h4_Malat1,0.333,0.333
Sbds_Kpna3,0.333,0.333
Bub3_ENSMUSG00000121501,0.333,0.333
Tsr2_Trp53inp1,0.333,0.333
Polr2g_Lsp1,0.333,0.333
Mettl14_Rab31,0.333,0.333
Vps16_Cat,0.333,0.333
Map3k8_Kpna3,0.333,0.333
Cog7_Hdac9,0.333,0.333
Nudc_Plscr1,0.333,0.333
Ppwd1_Dlg1,0.333,0.333
Cops5_Spp1,0.333,0.333
Taf11_Adgre1,0.333,0.333
Ccdc174_Shtn1,0.333,0.333
Naa30_Gstm1,0.333,0.333
Bptf_Gm57321,0.333,0.333
Myh9_Tnfrsf4,0.333,0.333
Actb_Cd74,0.333,0.333
Trappc4_Slc7a11,0.333,0.333
Ticam1_Irgm2,0.333,0.333
Ints5_Nck1,0.333,0.333
Ctr9_Sgpl1,0.333,0.333
Ap3d1_Ahnak2,0.333,0.333
Ccdc174_Emb,0.333,0.333
Yae1d1_Mycbp2,0.333,0.333
Bptf_Gm10134,0.333,0.333
Dnajc9_Plp2,0.333,0.333
Ube2n_Npm3,0.333,0.333
Zc3h18_Gm31522,0.333,0.333
Dnajc9_Adgre1,0.333,0.333
Tsc1_Clic5,0.333,0.333
Ist1_Metrnl,0.333,0.333
Fam50a_5830408C22Rik,0.333,0.333
Csnk2b_Bcl2l2,0.333,0.333
Sugt1_Tut4,0.333,0.333
Bptf_Cited2,0.333,0.333
Vps54_Cdkn1a,0.333,0.333
Ints5_Prrc1,0.333,0.333
Lamtor1_Plxna2,0.333,0.333
Actr8_Ctsd,0.333,0.333
Actr8_Pnp2,0.333,0.333
Ctr9_Metrnl,0.333,0.333
Znhit2_Ms4a6c,0.333,0.333
Pak2_Ass1,0.333,0.333
Xpr1_Ptges,0.333,0.333
Bub3_Zfp937,0.333,0.333
Preb_Tceal8,0.333,0.333
Sugt1_Ccl12,0.333,0.333
Pbrm1_Ifi27l2a,0.333,0.333
Zbtb14_Tet2,0.333,0.333
Mepce_Srxn1,0.333,0.333
Lamtor1_C1qc,0.333,0.333
Fcf1_Fgf13,0.333,0.333
Rhbdf2_Tgfbi,0.333,0.333
Ppwd1_Gas5,0.333,0.333
Vps16_AW112010,0.333,0.333
Wdr74_Lipg,0.333,0.333
Ctr9_Ifi209,0.333,0.333
Atp2a2_Cnn2,0.333,0.333
Stat1_Slc28a2,0.333,0.333
Wdr73_Cpeb4,0.333,0.333
Nudc_Fem1b,0.333,0.333
Zbtb14_Coro1a,0.333,0.333
Elp5_Stard7,0.333,0.333
Zc3h18_Vim,0.333,0.333
Xpr1_Supt3,0.333,0.333
Trappc4_Coprs,0.333,0.333
Polr2j_Gm28187,0.333,0.333
Cebpb_Gm48727,0.333,0.333
Ddx10_Napsa,0.333,0.333
Polr2g_Amdhd2,0.333,0.333
Preb_Rac2,0.333,0.333
Myh9_Plxna2,0.333,0.333
Sugt1_Ifi27l2a,0.333,0.333
Polr2j_ENSMUSG00000121501,0.333,0.333
Eif4g2_Slfn9,0.333,0.333
Cog7_Rnf145,0.333,0.333
Sugt1_Fcgr1,0.333,0.333
Trappc4_Apobec3,0.333,0.333
Vps52_Tnip3,0.333,0.333
Fam50a_Slfn8,0.333,0.333
Pak2_Tsc22d3,0.333,0.333
Ddx10_Nr1d1,0.333,0.333
Nfkb1_Kpna3,0.333,0.333
Ccdc174_Sdr39u1,0.333,0.333
Ap3d1_Fblim1,0.333,0.333
Mcm6_Taf15,0.333,0.333
Actr3_Actg1,0.333,0.333
Cog7_Taf15,0.333,0.333
Atp6ap1_Pid1,0.333,0.333
Preb_Atf4,0.333,0.333
Wdr74_Flna,0.333,0.333
Setd1b_Saal1,0.333,0.333
Trappc4_Gstm1,0.333,0.333
Dnttip1_Samsn1,0.333,0.333
Setd1b_Gm15832,0.333,0.333
Ints5_Rbpms,0.333,0.333
Wdr73_Mvb12b,0.333,0.333
Pbrm1_Armc9,0.333,0.333
Mgat1_Sbno2,0.333,0.333
Nudc_Plk2,0.333,0.333
Nudc_Ccdc107,0.333,0.333
Ppie_S100a4,0.333,0.333
Eif4g2_Gda,0.333,0.333
Pbrm1_Slc7a2,0.333,0.333
Csnk2b_Irak3,0.333,0.333
Lsm4_Ass1,0.333,0.333
Ppwd1_Hdac9,0.333,0.333
Zbtb14_Fcho2,0.333,0.333
Ppie_Cyb5a,0.333,0.333
Sod1_Jdp2,0.333,0.333
Atp6ap1_Pltp,0.333,0.333
Nat10_Pid1,0.333,0.333
Lin52_Ulk4,0.333,0.333
Actr3_Zfp398,0.333,0.333
Rbm27_Snhg20,0.333,0.333
Yae1d1_Abtb2,0.333,0.333
Gemin5_Gda,0.333,0.333
Zc3h4_Supt3,0.333,0.333
Nat10_Arhgap18,0.333,0.333
Sbds_AW112010,0.333,0.333
Actr3_Gm56663,0.333,0.333
Wdr74_Pcgf5,0.333,0.333
Lemd3_Lipg,0.333,0.333
Atp2a2_Ucp2,0.333,0.333
Stat1_Rcan1,0.333,0.333
Setd1b_Bcl2a1b,0.333,0.333
Elp5_Atf4,0.333,0.333
Nat10_Slfn9,0.333,0.333
Vps54_Or8b53,0.333,0.333
Zfp407_Gmfg,0.333,0.333
Irf2bp2_Tacc1,0.333,0.333
Polr2g_Parp8,0.333,0.333
Rhbdf2_S100a4,0.333,0.333
Pnisr_Mad2l1,0.333,0.333
Yae1d1_Stat4,0.333,0.333
Tsc1_Phlda1,0.333,0.333
Mgat1_Cd274,0.333,0.333
Wdr82_Lcn2,0.333,0.333
Rab1a_2700099C18Rik,0.333,0.333
Polr2g_Tut4,0.333,0.333
Actr3_Ms4a6c,0.333,0.333
Zc3h13_Mgst3,0.333,0.333
Uhrf1_Dusp2,0.333,0.333
Ticam1_Gm46189,0.333,0.333
Ddx10_Csf1,0.333,0.333
Brap_Slc35f6,0.333,0.333
Stat1_Ass1,0.333,0.333
Yae1d1_Clec12a,0.333,0.333
Sod1_Hmga2,0.333,0.333
Syk_Rnh1,0.333,0.333
Zbtb7a_Mafb,0.333,0.333
Rpf2_Atad1,0.333,0.333
Ube2n_Phf21a,0.333,0.333
Nfkb1_Pid1,0.333,0.333
Ticam1_Cst3,0.333,0.333
Actr8_Slc7a11,0.333,0.333
Lemd3_Gstm1,0.333,0.333
Naa30_Zdhhc14,0.333,0.333
Mepce_Mcu,0.333,0.333
Lin52_Amdhd2,0.333,0.333
Dnttip1_Inpp1,0.333,0.333
Sod1_Zfp516,0.333,0.333
Dnajc9_Ifi27l2a,0.333,0.333
Wasf2_Hdac9,0.333,0.333
Zbtb7a_Cct3,0.333,0.333
Pbrm1_Asf1a,0.333,0.333
Zc3h4_Gstm1,0.333,0.333
Dnajc9_Pag1,0.333,0.333
Brap_Parp8,0.333,0.333
Actr8_Cdt1,0.333,0.333
Uhrf1_Irf8,0.333,0.333
Ddx10_Ifi27l2a,0.333,0.333
Vps52_Pdgfb,0.333,0.333
Plcg2_Lpl,0.333,0.333
Rpf2_Cd274,0.333,0.333
Polr2g_Ifi27l2a,0.333,0.333
Rprd2_Pik3cg,0.333,0.333
Mgat1_Vim,0.333,0.333
Nfkb1_Flt1,0.333,0.333
Trappc4_H1f4,0.333,0.333
Actr8_Gria3,0.333,0.333
Yae1d1_Lipg,0.333,0.333
Zfp407_Basp1,0.333,0.333
Rprd2_Gas5,0.333,0.333
Aars_Wfdc17,0.333,0.333
Actr3_Arg2,0.333,0.333
Elp5_Eno1,0.333,0.333
Orc3_Irak3,0.333,0.333
Irf2bp2_Rac2,0.333,0.333
Sbds_5330438D12Rik,0.333,0.333
Ticam1_Cenpx,0.333,0.333
Zfp407_Gstm1,0.333,0.333
Zbtb7a_Pid1,0.333,0.333
Csnk2b_Gng11,0.333,0.333
Isca1_Pde4d,0.333,0.333
Zc3h4_Gm10522,0.333,0.333
Orc3_Lpl,0.333,0.333
Tsr2_Hagh,0.333,0.333
Zc3h4_Hgsnat,0.333,0.333
Actb_Mmp8,0.333,0.333
Rbm27_Plscr3,0.333,0.333
Nudc_Gm47922,0.333,0.333
Wdr82_Hmga2,0.333,0.333
Ticam1_Ifi27l2a,0.333,0.333
Ticam1_Dlgap5,0.333,0.333
Ints5_Slc2a1,0.333,0.333
Vps16_Gm47882,0.333,0.333
Csnk2b_Slfn5,0.333,0.333
Mettl14_Wfdc17,0.333,0.333
Atp6ap1_Fabp5,0.333,0.333
Gemin5_Dusp6,0.333,0.333
Rbm27_Plk2,0.333,0.333
Vps16_Fabp3,0.333,0.333
Uhrf1_Srsf7,0.333,0.333
Mgat1_Jdp2,0.333,0.333
Wdr82_Cbfb,0.333,0.333
Lamtor1_Pld3,0.333,0.333
Nudc_Nfil3,0.333,0.333
Vps52_Rere,0.333,0.333
Stat1_ENSMUSG00000121501,0.333,0.333
Maea_Irak3,0.333,0.333
Ticam1_Ptgs2,0.333,0.333
Bub3_Ass1,0.333,0.333
Ctr9_Cyb5a,0.333,0.333
Polr2j_Ifi27l2a,0.333,0.333
Xpr1_Lsp1,0.333,0.333
Tnfrsf1b_Gm20275,0.333,0.333
Rpf2_Txnip,0.333,0.333
Myh9_Phlda1,0.333,0.333
Pak2_Lsp1,0.333,0.333
Ppwd1_Fcgr3,0.333,0.333
Fip1l1_Saal1,0.333,0.333
Tsr2_Ldha,0.333,0.333
Rprd2_Ifit1,0.333,0.333
Cog7_AI504432,0.333,0.333
Tsr2_Aebp2,0.333,0.333
Alg1_Cdkn1a,0.333,0.333
Cops5_Ifit1,0.333,0.333
Dnttip1_Cd40,0.333,0.333
Zbtb7a_Flt1,0.333,0.333
Snapc5_Trp53rkb,0.333,0.333
Zc3h18_Nfil3,0.333,0.333
Brap_Gpx1,0.333,0.333
Fip1l1_Astl,0.333,0.333
Pbrm1_Gpx1,0.333,0.333
Ppie_Coro1a,0.333,0.333
Alg1_Ifi27l2a,0.333,0.333
Ube2n_Prpf4,0.333,0.333
Actr3_Coro1a,0.333,0.333
Alg1_Itgav,0.333,0.333
Taf11_Timm9,0.333,0.333
Dnajc9_Dapk1,0.333,0.333
Preb_Plcb4,0.333,0.333
Pnisr_Ifi27l2a,0.333,0.333
Sbds_Txnip,0.333,0.333
Myh9_Cat,0.333,0.333
Ddx10_Gng11,0.333,0.333
Alg1_Ifngr1,0.333,0.333
Sbds_Mif,0.333,0.333
Brap_Malat1,0.333,0.333
Mgat1_Dusp1,0.333,0.333
Ticam1_Clec9a,0.333,0.333
Eif4g2_H2bc4,0.333,0.333
Tnfrsf1b_Ddx18,0.333,0.333
Isca1_Antxr2,0.333,0.333
Stat2_Gda,0.333,0.333
Rab1a_ENSMUSG00000121501,0.333,0.333
Syk_C3ar1,0.333,0.333
Actb_Sdc4,0.333,0.333
Wdr73_Irf8,0.333,0.333
Isca1_Clic5,0.333,0.333
Sod1_B930036N10Rik,0.333,0.333
Uhrf1_Cxcl11,0.333,0.333
Dnajc9_4930434J08Rik,0.333,0.333
Zfp407_Mgst3,0.333,0.333
Fcf1_Prpf38a,0.333,0.333
Ticam1_Itgb8,0.333,0.333
Lsm4_Slc2a6,0.333,0.333
Orc3_Rab7b,0.333,0.333
Fcf1_Ass1,0.333,0.333
Aars_Ptprm,0.333,0.333
Lin52_Hjurp,0.333,0.333
Ints5_Plxna4os1,0.333,0.333
Vps54_Eeig2,0.333,0.333
Vps37a_Slc7a11,0.333,0.333
Bub3_Lsp1,0.333,0.333
Tnfrsf1b_Bin2,0.333,0.333
Nudc_Gas5,0.333,0.333
Aars_Atf4,0.333,0.333
Csnk2b_Gsdmd,0.333,0.333
Arpc4_Cnn2,0.333,0.333
Mcm6_Ptprm,0.333,0.333
Ap3d1_Tdp2,0.333,0.333
Dnttip1_Ripk2,0.333,0.333
Arpc4_Slc7a11,0.333,0.333
Ube2n_Peli1,0.333,0.333
Gemin5_H2bc4,0.333,0.333
Ddx10_Trmt61b,0.333,0.333
Preb_Cyb5a,0.333,0.333
Fcf1_Ccl12,0.333,0.333
Uhrf1_Midn,0.333,0.333
Xpr1_Pcgf5,0.333,0.333
Tsc1_Col11a2,0.333,0.333
Actr3_Hmga2,0.333,0.333
Nfkb1_Ppfia3,0.333,0.333
Ints5_Mgst3,0.333,0.333
Eif4g2_Hira,0.333,0.333
Wdr82_Snhg8,0.333,0.333
Wdr73_Tut4,0.333,0.333
Arpc4_Itgb8,0.333,0.333
Slc35b1_Flrt2,0.333,0.333
Ticam1_Trem1,0.333,0.333
Zeb2_Snhg8,0.333,0.333
Ccdc174_Clic5,0.333,0.333
Rprd2_Jdp2,0.333,0.333
Vps54_Soat2,0.333,0.333
Zeb2_Hamp,0.333,0.333
Rprd2_Hyou1,0.333,0.333
Xpr1_Dhrs1,0.333,0.333
Orc3_Gng11,0.333,0.333
Ist1_Cd274,0.333,0.333
Slc35b1_Snhg20,0.333,0.333
Actr8_Uhrf1bp1l,0.333,0.333
Actb_Actn1,0.333,0.333
Fcf1_Tubb5,0.333,0.333
Vps16_Flrt2,0.333,0.333
Alg1_Ctsd,0.333,0.333
Rbm27_Gm56864,0.333,0.333
Lsm4_Ccl12,0.333,0.333
Mettl14_Cyb5a,0.333,0.333
Nfkb1_Gadd45a,0.333,0.333
Nfkb1_St18,0.333,0.333
Dnttip1_Dusp6,0.333,0.333
Setd1b_Il36a,0.333,0.333
Wdr73_Tspoap1,0.333,0.333
Sod1_Mdm2,0.333,0.333
Snapc5_Irf7,0.333,0.333
Pbrm1_Mctp1,0.333,0.333
Elp5_Cyb5a,0.333,0.333
Map3k8_Aebp2,0.333,0.333
Rprd2_Taf15,0.333,0.333
Ddx10_Adgrl2,0.333,0.333
Taf11_Clec12a,0.333,0.333
Ap3d1_Cpeb4,0.333,0.333
Mepce_Or8b53,0.333,0.333
Elp5_Acsl1,0.333,0.333
Fcf1_Mcu,0.333,0.333
Ppwd1_C1qa,0.333,0.333
Lemd3_Palld,0.333,0.333
Vps52_Rgs14,0.333,0.333
Rpf2_Tubb2a,0.333,0.333
Ppwd1_Cd274,0.333,0.333
Wdr73_Tma16,0.333,0.333
Polr2g_Lgmn,0.333,0.333
Cebpb_Fmr1nb,0.333,0.333
Dnajc9_Slc8a1,0.333,0.333
Ap3d1_Zfp36l2,0.333,0.333
Pak2_Gas6,0.333,0.333
Elp5_St18,0.333,0.333
Polr2j_Gas6,0.333,0.333
Ist1_Ppfia3,0.333,0.333
Preb_Ptprs,0.333,0.333
Wdr74_Msi2,0.333,0.333
Plcg2_Hmga1,0.333,0.333
Tnfrsf1b_Lipg,0.333,0.333
Wasf2_Plk2,0.333,0.333
Trappc4_Samd11,0.333,0.333
Nfkb1_Dgkh,0.333,0.333
Xpr1_Tanc2,0.333,0.333
Sod1_5930403N24Rik,0.333,0.333
Wdr74_Smim14,0.333,0.333
Rhbdf2_Hmga2,0.333,0.333
Lin52_Hrob,0.333,0.333
Pnisr_Gstm1,0.333,0.333
Arpc4_Gstm1,0.333,0.333
Zbtb14_Pirb,0.333,0.333
Irf2bp2_Apoe,0.333,0.333
Ppwd1_Spopl,0.333,0.333
Elp5_Coro1a,0.333,0.333
Rbm27_Pik3cg,0.333,0.333
Map3k8_Hdlbp,0.333,0.333
Taf11_Dnaja1,0.333,0.333
Slc35b1_Sdf2l1,0.333,0.333
Stat1_Isg20,0.333,0.333
Vps37a_Gstm1,0.333,0.333
Setd1b_Adgre1,0.333,0.333
Rprd2_Bloc1s6,0.333,0.333
Tnfrsf1b_Ptgs2,0.333,0.333
Nfkb1_H2bc4,0.333,0.333
Zc3h13_Cd52,0.333,0.333
Plcg2_Rhoq,0.333,0.333
Rpf2_Tet2,0.333,0.333
Xpr1_Gstm1,0.333,0.333
Rab1a_Slc7a11,0.333,0.333
Snapc5_Il1rl2,0.333,0.333
Rbm27_Actg1,0.333,0.333
Vps54_Cx3cr1,0.333,0.333
Pak2_Cst3,0.333,0.333
Tsr2_Actg1,0.333,0.333
Preb_Sdf2l1,0.333,0.333
Taf11_Ass1,0.333,0.333
Snapc5_Snhg8,0.333,0.333
Pak2_Cnn2,0.333,0.333
Rhbdf2_Gm56817,0.333,0.333
Ints5_Isg20,0.333,0.333
Sod1_Tet2,0.333,0.333
Wasf2_C1qa,0.333,0.333
Ticam1_Tmsb10,0.333,0.333
Elp5_Fut8,0.333,0.333
Gemin5_H4c8,0.333,0.333
Snapc5_Hdlbp,0.333,0.333
Myh9_Fabp5,0.333,0.333
Ticam1_Ass1,0.333,0.333
Lamtor1_Ephx1,0.333,0.333
Zeb2_F11r,0.333,0.333
Lin52_2700099C18Rik,0.333,0.333
Dnajc9_Dusp2,0.333,0.333
Znhit2_Sertad2,0.333,0.333
Atp2a2_Cuedc1,0.333,0.333
Vps52_Ptgs2,0.333,0.333
Fip1l1_Dnajb3,0.333,0.333
Mgat1_Mafb,0.333,0.333
Brap_Ppfibp1,0.333,0.333
Polr2j_Ifi203,0.333,0.333
Irf2bp2_Vim,0.333,0.333
Csnk2b_Havcr2,0.333,0.333
Aars_Rac2,0.333,0.333
Mgat1_Mitf,0.333,0.333
Fam50a_C1qa,0.333,0.333
Nudc_Atp8b4,0.333,0.333
Tsr2_Tnfaip3,0.333,0.333
Naa30_Ifi27l2a,0.333,0.333
Lsm4_Nudt13,0.333,0.333
Lsm4_Parp14,0.333,0.333
Zfp407_Blmh,0.333,0.333
Alg1_Vps13d,0.333,0.333
Stat1_Ifi203,0.333,0.333
Zbtb14_Ccdc88a,0.333,0.333
Atp6ap1_C1qc,0.333,0.333
Zbtb14_Limd2,0.333,0.333
Ctr9_Prkce,0.333,0.333
Syk_Ptgs2,0.333,0.333
Preb_Fabp3,0.333,0.333
Zc3h18_Hdac9,0.333,0.333
Mepce_Itpr1,0.333,0.333
Bub3_Tmem134,0.333,0.333
Znhit2_Pld3,0.333,0.333
Pnisr_H4c16,0.333,0.333
Ints5_Actn1,0.333,0.333
Mepce_Lsp1,0.333,0.333
Naa30_Txnrd1,0.333,0.333
Znhit2_Antxr2,0.333,0.333
Lamtor1_Fabp3,0.333,0.333
Rbm27_Nfkbid,0.333,0.333
Csnk2b_Cystm1,0.333,0.333
Yae1d1_Gng11,0.333,0.333
Mcm6_Phlda1,0.333,0.333
Maea_Arhgap24,0.333,0.333
Bptf_Ppfia3,0.333,0.333
Zfp407_Ifit1bl1,0.333,0.333
Tnfrsf1b_Eprs,0.333,0.333
Rpf2_Aff1,0.333,0.333
Bptf_Atp8b4,0.333,0.333
Map3k8_AI504432,0.333,0.333
Slc35b1_C1qc,0.333,0.333
Preb_Fabp5,0.333,0.333
Isca1_Snhg8,0.333,0.333
Ctr9_Tnfsf13b,0.333,0.333
Alg1_Adal,0.333,0.333
Arpc4_Plxna1,0.333,0.333
Ap3d1_H2bc3,0.333,0.333
Gemin5_Snhg8,0.333,0.333
Fcf1_Gm56496,0.333,0.333
Nfkb1_Pdia6,0.333,0.333
Vps54_Slc7a11,0.333,0.333
Ap3d1_Slc2a1,0.333,0.333
Map3k8_Fpr1,0.333,0.333
Cog7_Hyou1,0.333,0.333
Snapc5_Txnip,0.333,0.333
Wdr74_Dpp7,0.333,0.333
Bub3_Gpx1,0.333,0.333
Stat2_Srgn,0.333,0.333
Ints5_Zbtb20,0.333,0.333
Stat1_Fcgr1,0.333,0.333
Nat10_Hdac9,0.333,0.333
Stat1_Ak1,0.333,0.333
Actr8_Rabgap1l,0.333,0.333
Wdr82_Rbpj,0.333,0.333
Fip1l1_Srxn1,0.333,0.333
Zbtb14_Nptx1,0.333,0.333
Znhit2_Vim,0.333,0.333
Zc3h4_Eva1b,0.333,0.333
Atp2a2_Rcan1,0.333,0.333
Rhbdf2_G530011O06Rik,0.333,0.333
Ddx10_Ptgs2,0.333,0.333
Vps54_Mpeg1,0.333,0.333
Xpr1_Ifi27l2a,0.333,0.333
Irf2bp2_Sh2b1,0.333,0.333
Lsm4_A930033H14Rik,0.333,0.333
Wdr82_Ms4a6c,0.333,0.333
Irf2bp2_Cat,0.333,0.333
Cops5_Vim,0.333,0.333
Sod1_Vim,0.333,0.333
Tsr2_Nrxn1,0.333,0.333
Plcg2_Flot1,0.333,0.333
Lsm4_Nup210l,0.333,0.333
Ticam1_Cx3cl1,0.333,0.333
Zbtb7a_Peli1,0.333,0.333
Sod1_H4c8,0.333,0.333
Ube2n_Cd274,0.333,0.333
Wdr74_Itgav,0.333,0.333
Isca1_Rhov,0.333,0.333
Csnk2b_Tanc2,0.333,0.333
Zc3h18_1500011B03Rik,0.333,0.333
Nfkb1_Metrnl,0.333,0.333
Rbm27_C1qc,0.333,0.333
Fcf1_Gmfg,0.333,0.333
Wdr73_F830045P16Rik,0.333,0.333
Orc3_Rabggtb,0.333,0.333
Vps37a_Srxn1,0.333,0.333
Csnk2b_Mmp8,0.333,0.333
Slc35b1_Ms4a6c,0.333,0.333
Cops5_Pirb,0.333,0.333
Tsc1_Dlg1,0.333,0.333
Tsc1_Atf4,0.333,0.333
Cog7_Sdf2l1,0.333,0.333
Dnttip1_Pltp,0.333,0.333
Pbrm1_Hmgn3,0.333,0.333
Dnttip1_Peli1,0.333,0.333
Rab1a_Cd74,0.333,0.333
Gemin5_Trp53inp1,0.333,0.333
Tsr2_Wfdc17,0.333,0.333
Csnk2b_Inka2,0.333,0.333
Ube2n_Tubb2a,0.333,0.333
Wasf2_Tgfbi,0.333,0.333
Sbds_Cd274,0.333,0.333
Cops5_Tnfaip3,0.333,0.333
Stat2_Slfn8,0.333,0.333
Alg1_A730081D07Rik,0.333,0.333
Rbm27_Fam20c,0.333,0.333
Fip1l1_Ubqln2,0.333,0.333
Actr8_Gm2a,0.333,0.333
Ddx10_Cst3,0.333,0.333
Xpr1_Abcb1b,0.333,0.333
Setd1b_Sdc4,0.333,0.333
Arpc4_Mgst3,0.333,0.333
Ap3d1_Lpl,0.333,0.333
Cebpb_Clec4a2,0.333,0.333
Atp2a2_Ccl12,0.333,0.333
Rpf2_Apoe,0.333,0.333
Atp6ap1_Ifit1,0.333,0.333
Eif4g2_Prdx2,0.333,0.333
Snapc5_H2bc4,0.333,0.333
Taf11_Ctsd,0.333,0.333
Vps54_Sec23a,0.333,0.333
Yae1d1_C430014B12Rik,0.333,0.333
Bptf_Fabp5,0.333,0.333
Actr3_Irf7,0.333,0.333
Actb_Psap,0.333,0.333
Rab1a_Gas8,0.333,0.333
Mgat1_Sdf2l1,0.333,0.333
Xpr1_Uhrf1bp1l,0.333,0.333
Lamtor1_Gart,0.333,0.333
Stat2_Cd40,0.333,0.333
Nudc_Gmppb,0.333,0.333
Rbm27_Flt1,0.333,0.333
Syk_Apobec3,0.333,0.333
Actr8_Lsp1,0.333,0.333
Ppwd1_Mtss1,0.333,0.333
Xpr1_4930579C12Rik,0.333,0.333
Fcf1_Isg20,0.333,0.333
Sugt1_Slc2a6,0.333,0.333
Mcm6_Lpcat2,0.333,0.333
Pak2_Plxnd1,0.333,0.333
Tnfrsf1b_Ass1,0.333,0.333
Nfkb1_Lcn2,0.333,0.333
Wdr74_Fgr,0.333,0.333
Mcm6_C1qa,0.333,0.333
Polr2g_Nos2,0.333,0.333
Pbrm1_Cd74,0.333,0.333
Ints5_Timm9,0.333,0.333
Cog7_Fgf11,0.333,0.333
Bptf_1600014C10Rik,0.333,0.333
Lemd3_Slc49a4,0.333,0.333
Nudc_Gm16175,0.333,0.333
Xpr1_Srxn1,0.333,0.333
Fip1l1_H1f4,0.333,0.333
Ppie_Pls3,0.333,0.333
Bptf_Uqcc4,0.333,0.333
Polr2g_Gm32611,0.333,0.333
Vps52_Flot1,0.333,0.333
Lemd3_Lpl,0.333,0.333
Cebpb_Cd74,0.333,0.333
Actb_Mamdc2,0.333,0.333
Dnttip1_Ptprs,0.333,0.333
Ppie_Ms4a6c,0.333,0.333
Plcg2_Srsf7,0.333,0.333
Mcm6_Atf4,0.333,0.333
Nat10_2900060B14Rik,0.333,0.333
Polr2j_Arid1a,0.333,0.333
Fip1l1_Cdca2,0.333,0.333
Sugt1_Slc7a11,0.333,0.333
Stat1_F10,0.333,0.333
Nfkb1_Hdac9,0.333,0.333
Zfp407_C3ar1,0.333,0.333
Lsm4_Pdlim5,0.333,0.333
Zbtb14_Irf7,0.333,0.333
Rpf2_Glp2r,0.333,0.333
Pnisr_Tnfsf12,0.333,0.333
Mgat1_Plk2,0.333,0.333
Arpc4_Rbpms,0.333,0.333
Irf2bp2_Gca,0.333,0.333
Lin52_Rassf4,0.333,0.333
Snapc5_Dancr,0.333,0.333
Fam50a_Slc7a8,0.333,0.333
Ube2n_Gas5,0.333,0.333
Eif4g2_Psmg2,0.333,0.333
Bub3_Ccl12,0.333,0.333
Ticam1_Il27,0.333,0.333
Maea_Sntb1,0.333,0.333
Aars_Hspa9,0.333,0.333
Zbtb14_Txnip,0.333,0.333
Lsm4_Dnaja1,0.333,0.333
Zc3h13_Il27,0.333,0.333
Orc3_Cbr3,0.333,0.333
Brap_Ptprn,0.333,0.333
Isca1_Prelid2,0.333,0.333
Sbds_Cd40,0.333,0.333
Slc35b1_H2bc18,0.333,0.333
Mgat1_Ccnd2,0.333,0.333
Rhbdf2_Trim12a,0.333,0.333
Xpr1_Cbr3,0.333,0.333
Mgat1_Fabp3,0.333,0.333
Ccdc174_H2bc4,0.333,0.333
Irf2bp2_Hook3,0.333,0.333
Sbds_Acaa2,0.333,0.333
Stat2_Usp18,0.333,0.333
Mepce_Txnrd1,0.333,0.333
Map3k8_Pirb,0.333,0.333
Slc35b1_Trabd,0.333,0.333
Sugt1_Parp8,0.333,0.333
Nfkb1_Rac2,0.333,0.333
Snapc5_Layn,0.333,0.333
Mettl14_Isy1,0.333,0.333
Pbrm1_Slc28a2,0.333,0.333
Ticam1_Irak3,0.333,0.333
Vps52_C3ar1,0.333,0.333
Vps16_Coro1a,0.333,0.333
Mettl14_Metrnl,0.333,0.333
Tsc1_Actg1,0.333,0.333
Znhit2_Irf7,0.333,0.333
Atp2a2_Plxna1,0.333,0.333
Naa30_Ube2t,0.333,0.333
Map3k8_Gm56663,0.333,0.333
Zbtb7a_Lcn2,0.333,0.333
Rab1a_Slc25a25,0.333,0.333
Zfp407_Tnfsf12,0.333,0.333
Syk_Cdkn1a,0.333,0.333
Irf2bp2_Mrpl45,0.333,0.333
Map3k8_Prkce,0.333,0.333
Rhbdf2_Phlda1,0.333,0.333
Rab1a_Sp140,0.333,0.333
Tnfrsf1b_Eeig2,0.333,0.333
Rab1a_Rnh1,0.333,0.333
Rprd2_4632427E13Rik,0.333,0.333
Mepce_Add1,0.333,0.333
Tnfrsf1b_Zdhhc14,0.333,0.333
Zfp407_Tma16,0.333,0.333
Lamtor1_Glis3,0.333,0.333
Lemd3_ENSMUSG00000121501,0.333,0.333
Csnk2b_Ctsd,0.333,0.333
Setd1b_Gm46189,0.333,0.333
Xpr1_Tspoap1,0.333,0.333
Cog7_Pls3,0.333,0.333
Sugt1_Rictor,0.333,0.333
Syk_Lin7b,0.333,0.333
Ddx10_Flot1,0.333,0.333
Rbm27_Coro1a,0.333,0.333
Slc35b1_Pdia4,0.333,0.333
Lsm4_Ddx23,0.333,0.333
Taf11_Leprotl1,0.333,0.333
Wdr82_Actg1,0.333,0.333
Stat2_Lnpk,0.333,0.333
Dnajc9_Mmp13,0.333,0.333
Ist1_Samd8,0.333,0.333
Zc3h18_Ripk2,0.333,0.333
Setd1b_Cst3,0.333,0.333
Myh9_Antxr2,0.333,0.333
Map3k8_Nrp2,0.333,0.333
Cebpb_Lpl,0.333,0.333
Ist1_Naip2,0.333,0.333
Ccdc174_Plk2,0.333,0.333
Brap_Limk1,0.333,0.333
Elp5_Pirb,0.333,0.333
Syk_Atf3,0.333,0.333
Ist1_Hmga2,0.333,0.333
Ppie_Stat3,0.333,0.333
Pnisr_Cd52,0.333,0.333
Polr2j_Nos2,0.333,0.333
Rhbdf2_Lpcat2,0.333,0.333
Vps16_Cyb5a,0.333,0.333
Polr2g_Bin2,0.333,0.333
Fcf1_Ifi27l2a,0.333,0.333
Zbtb14_4632427E13Rik,0.333,0.333
Vps37a_Nup210l,0.333,0.333
Bub3_Glmn,0.333,0.333
Ppwd1_Sdf2l1,0.333,0.333
Zbtb7a_Plscr3,0.333,0.333
Gemin5_Acsl1,0.333,0.333
Pak2_Cx3cl1,0.333,0.333
Nudc_H2bc4,0.333,0.333
Lemd3_Abhd5,0.333,0.333
Cebpb_Malat1,0.333,0.333
Tnfrsf1b_S100a13,0.333,0.333
Zc3h4_Gm32611,0.333,0.333
Orc3_Spic,0.333,0.333
Rab1a_Hmga1,0.333,0.333
Rab1a_Plxna1,0.333,0.333
Cebpb_Slc9a9,0.333,0.333
Wdr73_Peg13,0.333,0.333
Ccdc174_Sgpl1,0.333,0.333
Plcg2_Ass1,0.333,0.333
Ppwd1_Pde4d,0.333,0.333
Vps54_Lsp1,0.333,0.333
Atp2a2_Mier1,0.333,0.333
Dnttip1_Ppfia3,0.333,0.333
Fam50a_Ifi209,0.333,0.333
Plcg2_C3ar1,0.333,0.333
Ctr9_Taf15,0.333,0.333
Vps37a_Tnfrsf26,0.333,0.333
Yae1d1_Gas8,0.333,0.333
Sugt1_Irgm2,0.333,0.333
Zc3h18_F11r,0.333,0.333
Actb_Kif17,0.333,0.333
Stat2_Ifit1,0.333,0.333
Atp2a2_Irgm2,0.333,0.333
Vps37a_Abcb4,0.333,0.333
Sbds_1500011B03Rik,0.333,0.333
Lemd3_Cd74,0.333,0.333
Mcm6_Dcp1a,0.333,0.333
Orc3_Pank3,0.333,0.333
Ap3d1_Gmfg,0.333,0.333
Zc3h18_C1qc,0.333,0.333
Aars_C1qc,0.333,0.333
Sbds_Ift88,0.333,0.333
Atp6ap1_Flrt2,0.333,0.333
Preb_Kdelr2,0.333,0.333
Vps16_Creg2,0.333,0.333
Actr8_Gmfg,0.333,0.333
Map3k8_Rrs1,0.333,0.333
Slc35b1_Hyou1,0.333,0.333
Cops5_Ccdc7a,0.333,0.333
Wdr82_Fabp3,0.333,0.333
Cebpb_Ifi203,0.333,0.333
Wdr73_Ifi27l2a,0.333,0.333
Syk_Txnrd1,0.333,0.333
Trappc4_Gm41409,0.333,0.333
Sbds_Gm56864,0.333,0.333
Isca1_Coro1a,0.333,0.333
Bptf_Jdp2,0.333,0.333
Fam50a_Sgk1,0.333,0.333
Zfp407_Soat2,0.333,0.333
Eif4g2_Gm14636,0.333,0.333
Dnttip1_Hdac9,0.333,0.333
Wdr73_Srxn1,0.333,0.333
Sugt1_Palld,0.333,0.333
Snapc5_1500011B03Rik,0.333,0.333
Ppie_Gas5,0.333,0.333
Lemd3_Rnf180,0.333,0.333
Ccdc174_Ephx1,0.333,0.333
Sbds_Pappa2,0.333,0.333
Vps54_Palld,0.333,0.333
Orc3_Pde2a,0.333,0.333
Ist1_Rcor2,0.333,0.333
Nat10_Cyb5a,0.333,0.333
Mcm6_Ms4a7,0.333,0.333
Zc3h18_G530011O06Rik,0.333,0.333
Tsr2_Gdf3,0.333,0.333
Actb_Cst3,0.333,0.333
Naa30_Zbtb21,0.333,0.333
Fam50a_Hook3,0.333,0.333
Uhrf1_Ass1,0.333,0.333
Ticam1_Asf1a,0.333,0.333
Atp6ap1_Gadd45a,0.333,0.333
Lsm4_Gstm1,0.333,0.333
Map3k8_Cbfb,0.333,0.333
Isca1_Cat,0.333,0.333
Uhrf1_Irgm2,0.333,0.333
Rab1a_Tanc2,0.333,0.333
Maea_Zc3h4,0.333,0.333
Wasf2_Flrt2,0.333,0.333
Ppwd1_Sla,0.333,0.333
Vps52_Clec9a,0.333,0.333
Rhbdf2_Snhg8,0.333,0.333
Wdr82_Gm13684,0.333,0.333
Plcg2_Dusp2,0.333,0.333
Mettl14_Tnf,0.333,0.333
Naa30_Nfkbiz,0.333,0.333
Irf2bp2_Arg2,0.333,0.333
Wdr82_Pirb,0.333,0.333
Cops5_Tet2,0.333,0.333
Mcm6_Aff1,0.333,0.333
Znhit2_Fabp3,0.333,0.333
Mettl14_Ms4a6c,0.333,0.333
Map3k8_Ldha,0.333,0.333
Ticam1_Ndst1,0.333,0.333
Sugt1_Cask,0.333,0.333
Zc3h18_Fpr1,0.333,0.333
Zeb2_Cited2,0.333,0.333
Sugt1_Casp8ap2,0.333,0.333
Rhbdf2_Txnip,0.333,0.333
Ints5_Cmtm7,0.333,0.333
Ppwd1_Wfdc17,0.333,0.333
Sugt1_Cxcl11,0.333,0.333
Actr3_S100a4,0.333,0.333
Actr8_Eeig2,0.333,0.333
Map3k8_Wfdc17,0.333,0.333
Tsc1_Pld3,0.333,0.333
Isca1_Pla2g7,0.333,0.333
Lin52_Tacc3,0.333,0.333
Map3k8_Airn,0.333,0.333
Znhit2_Gm10134,0.333,0.333
Ticam1_Gmfg,0.333,0.333
Myh9_Rac2,0.333,0.333
Rhbdf2_C1qc,0.333,0.333
Vps54_Gpx1,0.333,0.333
Polr2j_Itgav,0.333,0.333
Cebpb_Slc16a10,0.333,0.333
Zbtb7a_Dbp,0.333,0.333
Bub3_Cd52,0.333,0.333
Eif4g2_Myo5a,0.333,0.333
Zbtb7a_Hmga2,0.333,0.333
Ctr9_Gm57337,0.333,0.333
Naa30_Il27,0.333,0.333
Mgat1_Pla2g7,0.333,0.333
Tsr2_Selenom,0.333,0.333
Actr3_Sirpb1c,0.333,0.333
Cebpb_Pank3,0.333,0.333
Zfp407_Pgam1,0.333,0.333
Ist1_Wfdc17,0.333,0.333
Stat1_Spaca6,0.333,0.333
Ppwd1_Gatm,0.333,0.333
Maea_Gm2087,0.333,0.333
Sbds_Prdx2,0.333,0.333
Vps52_Itgav,0.333,0.333
Ints5_Raph1,0.333,0.333
Wdr82_Limd2,0.333,0.333
Setd1b_C3ar1,0.333,0.333
Sod1_Mif,0.333,0.333
Rpf2_Igsf9,0.333,0.333
Polr2j_Mycbp2,0.333,0.333
Lsm4_Cbr3,0.333,0.333
Brap_Flna,0.333,0.333
Eif4g2_Alg14,0.333,0.333
Eif4g2_Cdkn1c,0.333,0.333
Maea_Dhrs1,0.333,0.333
Atp6ap1_Lcn2,0.333,0.333
Naa30_Plxna1,0.333,0.333
Nfkb1_Ms4a6c,0.333,0.333
Tsr2_Pdia6,0.333,0.333
Polr2j_Fcgr1,0.333,0.333
Mcm6_Tgfbi,0.333,0.333
Wasf2_Dusp6,0.333,0.333
Cebpb_Gsdmd,0.333,0.333
Zc3h18_Sertad2,0.333,0.333
Preb_Trp53rkb,0.333,0.333
Lin52_Pycard,0.333,0.333
Mettl14_Kdelr2,0.333,0.333
Pbrm1_Ptgs2,0.333,0.333
Nfkb1_Fabp5,0.333,0.333
Wdr73_Pde2a,0.333,0.333
Rhbdf2_Plk2,0.333,0.333
Sbds_Ifit1,0.333,0.333
Wdr74_Fcgr1,0.333,0.333
Polr2j_Ccl12,0.333,0.333
Lemd3_Gm57096,0.333,0.333
Wasf2_Dancr,0.333,0.333
Preb_Hdlbp,0.333,0.333
Mepce_Gng11,0.333,0.333
Alg1_Cobll1,0.333,0.333
Actb_Palld,0.333,0.333
Trappc4_Smim14,0.333,0.333
Zeb2_Trps1,0.333,0.333
Cebpb_Msi2,0.333,0.333
Tnfrsf1b_Slc7a11,0.333,0.333
Vps16_Ms4a7,0.333,0.333
Mepce_Hmgn3,0.333,0.333
Nat10_Naip2,0.333,0.333
Brap_Chtf18,0.333,0.333
Plcg2_Plp2,0.333,0.333
Map3k8_F11r,0.333,0.333
Atp6ap1_Herc6,0.333,0.333
Elp5_Irf7,0.333,0.333
Cops5_Cyb5a,0.333,0.333
Cog7_Fpr1,0.333,0.333
Zc3h13_Serpinb9,0.333,0.333
Rpf2_Lyz2,0.333,0.333
Actb_Grm5,0.333,0.333
Brap_Hgsnat,0.333,0.333
Tnfrsf1b_Msi2,0.333,0.333
Taf11_Lgmn,0.333,0.333
Pbrm1_Tnfsf12,0.333,0.333
Polr2g_Txnrd1,0.333,0.333
Ube2n_Pgm2l1,0.333,0.333
Ube2n_AI504432,0.333,0.333
Ccdc174_Vim,0.333,0.333
Nfkb1_Tubb2a,0.333,0.333
Irf2bp2_Tubb2a,0.333,0.333
Rhbdf2_Dancr,0.333,0.333
Lamtor1_Fam20c,0.333,0.333
Bptf_Spp1,0.333,0.333
Atp2a2_Lpl,0.333,0.333
Bptf_Actg1,0.333,0.333
Map3k8_Fcgr3,0.333,0.333
Tsc1_Cd274,0.333,0.333
Sod1_Gm14051,0.333,0.333
Ppie_Slc20a1,0.333,0.333
Taf11_Pnp2,0.333,0.333
Rbm27_S100a4,0.333,0.333
Tsc1_Cdkn1c,0.333,0.333
Rbm27_Dgkh,0.333,0.333
Zc3h4_Gm57096,0.333,0.333
Lin52_Ucp2,0.333,0.333
Myh9_Hdac9,0.333,0.333
Mettl14_Polr2h,0.333,0.333
Polr2g_Blmh,0.333,0.333
Zeb2_Taf15,0.333,0.333
Aars_Rbpj,0.333,0.333
Nudc_Naip2,0.333,0.333
Plcg2_Rnf31,0.333,0.333
Ddx10_Cdkn1a,0.333,0.333
Stat2_Mndal,0.333,0.333
Znhit2_Ppp1r15a,0.333,0.333
Zeb2_Abcc5,0.333,0.333
Snapc5_4930599N23Rik,0.333,0.333
Cops5_Eno4,0.333,0.333
Tsc1_Ms4a6c,0.333,0.333
Zbtb14_Slpi,0.333,0.333
Irf2bp2_Rnf145,0.333,0.333
Ppie_Apoe,0.333,0.333
Mettl14_Fabp5,0.333,0.333
Rbm27_Stk40,0.333,0.333
Aars_Mx1,0.333,0.333
Nudc_Pld3,0.333,0.333
Taf11_Rcbtb2,0.333,0.333
Lin52_Pcgf5,0.333,0.333
Mgat1_Plcb4,0.333,0.333
Cog7_S100a4,0.333,0.333
Arpc4_Hrob,0.333,0.333
Bub3_Hgsnat,0.333,0.333
Fcf1_Arhgap25,0.333,0.333
Elp5_Gadd45a,0.333,0.333
Znhit2_Rac2,0.333,0.333
Zeb2_Ccnd2,0.333,0.333
Actb_Rere,0.333,0.333
Actr3_Pla2g7,0.333,0.333
Zc3h13_Gas6,0.333,0.333
Ppie_Pirb,0.333,0.333
Arpc4_Gm10522,0.333,0.333
Znhit2_Ms4a7,0.333,0.333
Actr3_Flt1,0.333,0.333
Xpr1_Slc7a11,0.333,0.333
Xpr1_Gas6,0.333,0.333
Nat10_Apoe,0.333,0.333
Actb_Hmgn3,0.333,0.333
Znhit2_Pirb,0.333,0.333
Bub3_Basp1,0.333,0.333
Trappc4_Aasdhppt,0.333,0.333
Zbtb14_Tacc1,0.333,0.333
Ppie_Tceal8,0.333,0.333
Csnk2b_Sros1,0.333,0.333
Nfkb1_Ifit1,0.333,0.333
Rpf2_Pdia6,0.333,0.333
Bub3_Ifi27l2a,0.333,0.333
Stat1_Ifi27l2a,0.333,0.333
Brap_Slc16a10,0.333,0.333
Zc3h4_Pter,0.333,0.333
Cebpb_Dusp2,0.333,0.333
Wdr73_Zbtb20,0.333,0.333
Ube2n_Ifi209,0.333,0.333
Snapc5_H4c8,0.333,0.333
Rbm27_Snhg8,0.333,0.333
Arpc4_Msi2,0.333,0.333
Sod1_Hspa9,0.333,0.333
Zfp407_Fcgr1,0.333,0.333
Zc3h18_Igsf9,0.333,0.333
Isca1_Ephx1,0.333,0.333
Polr2j_Astl,0.333,0.333
Xpr1_Hmga1,0.333,0.333
Lin52_Bub1,0.333,0.333
Vps54_Gas6,0.333,0.333
Nudc_Lyz2,0.333,0.333
Wdr73_Ass1,0.333,0.333
Atp2a2_Nupr1,0.333,0.333
Ccdc174_Ripk2,0.333,0.333
Actr3_Sgk1,0.333,0.333
Atp6ap1_Hmga2,0.333,0.333
Orc3_Slfn5,0.333,0.333
Mepce_Cystm1,0.333,0.333
Polr2g_Ctsd,0.333,0.333
Wasf2_Flt1,0.333,0.333
Ddx10_Ass1,0.333,0.333
Nat10_Pdia6,0.333,0.333
Uhrf1_Elf1,0.333,0.333
Nudc_Pla2g7,0.333,0.333
Zc3h13_Psap,0.333,0.333
Trappc4_Gpx1,0.333,0.333
Tnfrsf1b_Ifi27l2a,0.333,0.333
Stat1_Sp140,0.333,0.333
Vps52_Zfp36l2,0.333,0.333
Nudc_Cyb5a,0.333,0.333
Gemin5_Ms4a6c,0.333,0.333
Rprd2_Gca,0.333,0.333
Gemin5_Metrnl,0.333,0.333
Dnajc9_Ucp2,0.333,0.333
Cops5_Cat,0.333,0.333
Myh9_Hmga2,0.333,0.333
Plcg2_Ccl12,0.333,0.333
Vps52_Slc7a11,0.333,0.333
Lemd3_Nudt13,0.333,0.333
Zeb2_Spp1,0.333,0.333
Dnttip1_F11r,0.333,0.333
Actb_Nr1d1,0.333,0.333
Zc3h13_Tnfrsf26,0.333,0.333
Wdr73_Flot1,0.333,0.333
Xpr1_Dnaja1,0.333,0.333
Brap_Ass1,0.333,0.333
Taf11_Clec4a2,0.333,0.333
Ccdc174_Gm56663,0.333,0.333
Maea_Glmn,0.333,0.333
Lsm4_Rassf4,0.333,0.333
Syk_Sdc4,0.333,0.333
Trappc4_Tmem134,0.333,0.333
Nat10_Actg1,0.333,0.333
Eif4g2_C1qc,0.333,0.333
Mcm6_Dcaf1,0.333,0.333
Pak2_Spic,0.333,0.333
Mettl14_Irf7,0.333,0.333
Ap3d1_Gm28192,0.333,0.333
Fip1l1_Tspoap1,0.333,0.333
Slc35b1_Sgk1,0.333,0.333
Mepce_Gm56496,0.333,0.333
Wdr74_Cdkn1a,0.333,0.333
Zbtb14_Ifit1,0.333,0.333
Uhrf1_Psap,0.333,0.333
Cebpb_Irak3,0.333,0.333
Yae1d1_C3ar1,0.333,0.333
Zc3h18_Pitpnc1,0.333,0.333
Ctr9_Ripk2,0.333,0.333
Vps52_Speg,0.333,0.333
Rbm27_Dennd1b,0.333,0.333
Nat10_Sdf2l1,0.333,0.333
Rbm27_Dancr,0.333,0.333
Vps16_Tubb2a,0.333,0.333
Mettl14_9930111J21Rik2,0.333,0.333
Nfkb1_Gab1,0.333,0.333
Mepce_Zfp36l2,0.333,0.333
Rab1a_Itgb8,0.333,0.333
Rab1a_Ifngr1,0.333,0.333
Setd1b_Gpx1,0.333,0.333
Snapc5_Gda,0.333,0.333
Tsc1_Stag1,0.333,0.333
Sbds_Pdxp,0.333,0.333
Dnttip1_Cat,0.333,0.333
Xpr1_Mad2l1,0.333,0.333
Rprd2_Lcn2,0.333,0.333
Stat1_Rab40c,0.333,0.333
Xpr1_Mctp1,0.333,0.333
Nat10_Hmga2,0.333,0.333
Ap3d1_Hpse,0.333,0.333
Vps37a_Tubb5,0.333,0.333
Lemd3_Cx3cr1,0.333,0.333
Zc3h4_Zc3h4,0.333,0.333
Plcg2_Parp8,0.333,0.333
Stat1_Slfn5,0.333,0.333
Mettl14_Ms4a7,0.333,0.333
Wdr74_Zc3h12a,0.333,0.333
Vps37a_Rab23,0.333,0.333
Orc3_4930579C12Rik,0.333,0.333
Zc3h13_Atp2b1,0.333,0.333
Tsc1_Ccnd2,0.333,0.333
Cops5_Pla2g7,0.333,0.333
Ccdc174_Apoe,0.333,0.333
Bub3_Mafg,0.333,0.333
Znhit2_Sbno2,0.333,0.333
Ist1_Vim,0.333,0.333
Xpr1_Hmgn3,0.333,0.333
Cops5_Fmn1,0.333,0.333
Orc3_Ppfibp1,0.333,0.333
Zc3h18_Flt1,0.333,0.333
Actr8_Ccl12,0.333,0.333
Nudc_Prpf4,0.333,0.333
Lemd3_C3ar1,0.333,0.333
Sod1_Lncpint,0.333,0.333
Rpf2_4930599N23Rik,0.333,0.333
Sugt1_Eeig2,0.333,0.333
Rprd2_Airn,0.333,0.333
Polr2g_Srxn1,0.333,0.333
Wasf2_Bloc1s6,0.333,0.333
Actb_Trim23,0.333,0.333
Ap3d1_Clec12a,0.333,0.333
Zfp407_ENSMUSG00000121501,0.333,0.333
Ticam1_Ndrg1,0.333,0.333
Stat2_Spopl,0.333,0.333
Sugt1_Ptgs2,0.333,0.333
Zeb2_Gda,0.333,0.333
Fip1l1_Cd74,0.333,0.333
Zc3h18_Clic5,0.333,0.333
Wdr82_Pid1,0.333,0.333
Zc3h13_Trem1,0.333,0.333
Vps52_Gm16973,0.333,0.333
Slc35b1_G530011O06Rik,0.333,0.333
Wasf2_Pla2g7,0.333,0.333
Ints5_Gm57204,0.333,0.333
Vps37a_Plxna4os1,0.333,0.333
Ctr9_Gas5,0.333,0.333
Myh9_Fam20c,0.333,0.333
Ap3d1_Ass1,0.333,0.333
Irf2bp2_A430093F15Rik,0.333,0.333
Zc3h4_Adamtsl4,0.333,0.333
Zbtb7a_Zfp516,0.333,0.333
Bptf_Pdia6,0.333,0.333
Pak2_Cdt1,0.333,0.333
Rprd2_Atf4,0.333,0.333
Yae1d1_Abcb1b,0.333,0.333
Sod1_Clic5,0.333,0.333
Fcf1_Itgb8,0.333,0.333
Tnfrsf1b_Gm57204,0.333,0.333
Isca1_Rrs1,0.333,0.333
Wasf2_Limd2,0.333,0.333
Ppwd1_Gm43646,0.333,0.333
Irf2bp2_Hmga2,0.333,0.333
Ctr9_Pirb,0.333,0.333
Lamtor1_Myo5a,0.333,0.333
Trappc4_Rfx5,0.333,0.333
Rbm27_H2bc4,0.333,0.333
Ctr9_Fcho2,0.333,0.333
